{
  "vite.config.js": 1775543678.4015145,
  "src\\services\\api.js": 1775543756.0589707,
  "CLAUDE.md": 1775640475.0708225,
  "README.md": 1768082836.9395702,
  "logo.png": 1768082836.94108
}